id,titulo,lugar,data,reclamacao_base,interacoes,rating,again
212799431,Algo deu errado. N√£o foi poss√≠vel carregar as informa√ß√µes.,Alhandra - PB,"time.struct_time(tm_year=2025, tm_mon=3, tm_mday=21, tm_hour=21, tm_min=43, tm_sec=0, tm_wday=4, tm_yday=80, tm_isdst=-1)",Toda vez que pe√ßo um cart√£o aparece isso,"['Resposta da empresa\n22/03/2025 √†s 08:27\nOl√°, Gleibson, bom dia!\nEsperamos que esteja tudo bem com voc√™.\n\nAnalisamos a sua solicita√ß√£o, informamos que a disponibiliza√ß√£o, cart√£o de credito, demais produtos banc√°rios de cr√©dito s√£o feitas a partir de uma avalia√ß√£o de seu relacionamento com o banco e de suas condi√ß√µes de cr√©dito.\n\nDessa forma, tais produtos s√£o vari√°veis e est√£o sujeitos a revis√µes e √†s normas vigentes para concess√£o de cr√©dito.\n\nAnalisando os dados que temos dispon√≠veis hoje, n√£o foi poss√≠vel enquadr√°-lo em todos os nossos crit√©rios de concess√£o de cr√©dito levando em considera√ß√£o a pol√≠tica de cr√©dito do Banco.\n\nAs propostas s√£o analisadas de forma criteriosa, sendo considerados diversos pontos como:\n\n- Informa√ß√£o correta e atualizada dos seus dados;\n- Informa√ß√£o correta e atualizada da sua renda, que deve ser compat√≠vel com o cr√©dito (para os casos de recebimento de sal√°rio);\n- Cen√°rio econ√¥mico e interesse comercial da institui√ß√£o financeira;\n- Pagamento em dia das suas contas.\n\nVoc√™ pode simular de novo daqui alguns dias ou nos contatar em 90 dias e faremos outra an√°lise.\n\nDesde j√° lhe desejamos um √≥timo dia e uma excelente semana.\n\nAtendimento | Ita√∫ Unibanco S/A\nIta√∫ - Feito de Futuro', 'Considera√ß√£o final do consumidor\n22/03/2025 √†s 15:21\nN√£o compreendi direito']",7,True
212775401,N√£o sou Gilmara!,Rio Formoso - PE,"time.struct_time(tm_year=2025, tm_mon=3, tm_mday=21, tm_hour=16, tm_min=18, tm_sec=0, tm_wday=4, tm_yday=80, tm_isdst=-1)","Boa tarde. Venho aqui reclamar da empresa citada, porque venho recebendo diariamente diversas liga√ß√µes e mensagens de pessoas que diz ser representante da mesma, procurando algu√©m por nome Gilmara, a qual j√° informei que n√£o sou eu e tamb√©m n√£o conhe√ßo a pessoa. A princ√≠pio pedem desculpas e diz que vai tirar meu n√∫mero do sistema, por√©m, isso n√£o aconteceu, e continuam me importunando.","['Resposta da empresa\n22/03/2025 √†s 07:56\nOl√°, Luiz Antonio, bom dia!\nEsperamos que esteja bem.\n\nEm an√°lise √† solicita√ß√£o e com o objetivo de resolver a situa√ß√£o de forma definitiva, atualizamos nosso cadastro inibindo o envio de mensagens/contatos dessa natureza.\n\nLembramos que o prazo para atualiza√ß√£o sist√™mica √© de 7 dias √∫teis, podendo ocorrer novo contato neste per√≠odo. Caso ocorra, favor desconsiderar.\n\nAtenciosamente,\nAtendimento Banco Ita√∫ Unibanco', 'Considera√ß√£o final do consumidor\n22/03/2025 √†s 19:35\nSem coment√°rios']",8,False
212758383,Apontamento de *****,Goi√¢nia - GO,"time.struct_time(tm_year=2025, tm_mon=3, tm_mday=21, tm_hour=13, tm_min=35, tm_sec=0, tm_wday=4, tm_yday=80, tm_isdst=-1)","Prezado(a) Ita√∫ Unibanco S.A.,

Eu, *****, portador(a) do CPF n ***** e cliente Uniclass n√≠vel 4, manifesto minha profunda insatisfa√ß√£o e indigna√ß√£o com a injustificada negativa de cr√©dito por parte desta institui√ß√£o.

A recusa, conforme informado pela gerente da minha ag√™ncia, baseia-se em um apontamento em meu cadastro datado de *****, o que considero uma pr√°tica abusiva e discriminat√≥ria, em flagrante desrespeito aos meus direitos como consumidor.

√â importante ressaltar que a Lei n *****, que disp√µe sobre o cadastro positivo, estabelece que informa√ß√µes negativas de consumidores n√£o podem ser utilizadas como crit√©rio √∫nico para negar cr√©dito, especialmente quando se trata de um hist√≥rico t√£o antigo e desatualizado.

Al√©m disso, o artigo ***** do C√≥digo de Defesa do Consumidor (CDC) garante o direito de acesso √†s informa√ß√µes existentes em cadastros e bancos de dados, bem como o direito √† retifica√ß√£o de dados incorretos ou desatualizados.

A conduta do Ita√∫, ao manter um apontamento de ***** como fator determinante para a negativa de cr√©dito, configura uma pr√°tica abusiva e discriminat√≥ria, que me coloca em uma esp√©cie de lista negra injustificada, prejudicando minha rela√ß√£o com a institui√ß√£o e limitando meu acesso a servi√ßos financeiros essenciais.

Diante do exposto, exijo:

A imediata revis√£o da minha an√°lise de cr√©dito, desconsiderando o apontamento de *****, que j√° n√£o reflete minha atual situa√ß√£o financeira;
A exclus√£o de qualquer registro discriminat√≥rio ou lista negra que me impe√ßa de obter cr√©dito junto ao Ita√∫;
A concess√£o de cr√©dito compat√≠vel com meu perfil de cliente Uniclass n√≠vel 4, que demonstra um hist√≥rico de relacionamento positivo com a institui√ß√£o.
Ressalto que possuo toda a documenta√ß√£o que comprova a irregularidade da negativa de cr√©dito, incluindo o registro da conversa com a gerente da minha ag√™ncia.

Caso esta reclama√ß√£o n√£o seja atendida de forma satisfat√≥ria, tomarei as medidas legais cab√≠veis, buscando a repara√ß√£o dos danos morais e materiais causados por esta conduta abusiva, com base no C√≥digo de Defesa do Consumidor e demais legisla√ß√µes aplic√°veis.

Aguardo um posicionamento urgente e a resolu√ß√£o deste problema.
Se n√£o vou mover uma a√ß√£o judicial.","['Resposta da empresa\n21/03/2025 √†s 14:02\nOl√° Washington\n\nInformamos que a disponibiliza√ß√£o, perman√™ncia e altera√ß√£o do produtos de cr√©dito no Banco Ita√∫ (cart√£o, credi√°rio, limites e etc) s√£o feitas a partir de uma avalia√ß√£o de seu relacionamento com o banco e de suas condi√ß√µes de cr√©dito.\n\n\n\nA concess√£o do limite √© vari√°vel e segue um processo de an√°lise feita pelo banco que contempla v√°rios fatores, entre eles o cadastro, a renda, a capacidade financeira, eventuais garantias oferecidas, hist√≥rico de opera√ß√µes, apontamentos restritivos nos √≥rg√£os de prote√ß√£o ao cr√©dito e outros.\n\n\n\nAgradecemos o seu interesse em contratar um limite de cr√©dito conosco, mas nesse momento n√£o consta nenhuma linha pr√©-aprovada para o seu CPF e ficamos impossibilitados de atender sua solicita√ß√£o.\n\n\n\nCompreendemos que essa n√£o √© a resposta que voc√™ gostaria de receber. Ent√£o, manteremos o acompanhamento de sua conta, e assim que uma nova proposta estiver dispon√≠vel para voc√™, ficaremos felizes em mandar essa informa√ß√£o por meio de nossos canais digitais.\n\nBanco Ita√∫', 'Considera√ß√£o final do consumidor\n22/03/2025 √†s 11:26\nSo engana']",0,False
212754747,Senha errada mesmo estando correta,Joinville - SC,"time.struct_time(tm_year=2025, tm_mon=3, tm_mday=21, tm_hour=12, tm_min=59, tm_sec=0, tm_wday=4, tm_yday=80, tm_isdst=-1)","Dia ***** fiz a solicita√ß√£o de encerramento da conta, recebi um e-mail com o comprovante da solicita√ß√£o mas ap√≥s isso n√£o recebi nenhuma atualiza√ß√£o sobre o processo, tentei entrar na conta com a senha correta e diz que esta errada, troquei a senha e mesmo assim continua dando como errada. Agora n√£o sei se o processo foi conclu√≠do e n√£o consigo entrar em contato por nenhum canal de atendimento.","['Resposta da empresa\n22/03/2025 √†s 07:23\nOl√°, Marcela bom dia!\nEsperamos que esteja bem!\n\nAnalisamos o seu pedido, informamos que a conta foi devidamente encerrada 13/03.\n\nValorizamos muito a sua confian√ßa em n√≥s e queremos assegurar que estamos aqui para te apoiar sempre.\n\nCom muita aten√ß√£o e considera√ß√£o,\nEquipe Ita√∫ Unibanco - Feito de Futuro', 'Considera√ß√£o final do consumidor\n22/03/2025 √†s 07:34\nResolvido']",8,True
212751623,Encerramento de conta libera√ß√£o de dinheiro,Castro Alves - BA,"time.struct_time(tm_year=2025, tm_mon=3, tm_mday=21, tm_hour=12, tm_min=28, tm_sec=0, tm_wday=4, tm_yday=80, tm_isdst=-1)","Iniciaram o processo de encerramento de conta no dia 19/02 e o prazo era 30 dias para liberar os valores j√° passou o prazo quero o meu dinheiro pra ontem banco horr√≠vel , liberem meu dinheiro j√° passou 30 dias","['Resposta da empresa\n21/03/2025 √†s 16:01\nOl√°, Jean.\n\nRecebemos sua mensagem e registramos sob o protocolo de n¬∞10xxxx54.\n\nGostar√≠amos de esclarecer que a decis√£o do encerramento de sua conta XXX91-0, mantida na ag√™ncia 7853, foi tomada pelo Ita√∫ Unibanco em virtude de n√£o haver interesse comercial na manuten√ß√£o desta.\n\nNas Condi√ß√µes Gerais da Conta Universal e dos Servi√ßos (segmento IA e IU), est√° previsto o encerramento de conta corrente, cujos detalhes tamb√©m est√£o dispon√≠veis no site www.itau.com.br.\n\nLembramos que a conta pode ser encerrada a qualquer tempo, por iniciativa do correntista ou do Ita√∫ Unibanco, conforme artigo 12 da Resolu√ß√£o n¬∫ 2.025/93 do Conselho Monet√°rio Nacional.\n\nVale ressaltar que, nas Condi√ß√µes Gerais de Abertura de Conta, existe a seguinte disposi√ß√£o: Este contrato tem prazo indeterminado e a Conta Universal Ita√∫ poder√° ser encerrada, a qualquer tempo, por escrito, por voc√™ ou pelo Ita√∫?.\n\nOrientamos comparecer em sua ag√™ncia para verificar com rela√ß√£o ao saldo.\n\nAgradecemos o tempo em que mantivemos relacionamento.\nAtendimento | Ita√∫ Unibanco S/A\nIta√∫ - Feito para voc√™', 'R√©plica do consumidor\n21/03/2025 √†s 16:31\neu sei que essa [Editado pelo Reclame Aqui] vai ser encerrado quero saber do meu dinheiro seus incompententes', 'R√©plica do consumidor\n21/03/2025 √†s 16:33\neu j√° fui √† ag√™ncia seus ignorantes a gerente mandou aguardar os 30 dias j√° fechou os 30 dias at√© agora nada ou libera meu dinheiro ou v√£o ser processados', 'Considera√ß√£o final do consumidor\n22/03/2025 √†s 16:32\nPior banco que existe']",0,False
212749337,Tarifa,Formiga - MG,"time.struct_time(tm_year=2025, tm_mon=3, tm_mday=21, tm_hour=12, tm_min=7, tm_sec=0, tm_wday=4, tm_yday=80, tm_isdst=-1)","Bom dia!
Fiz abertura de uma conta virtual, n√£o solicitei limite. Est√£o me cobrando tarifa( seguro e com jutis) sem meu consentimento. Tentei resolver pelo App e n√£o tive sucesso. Com certeza ap√≥s resolver, vou fazer o cancelamento da conta.","['Resposta da empresa\n21/03/2025 √†s 14:57\nOl√° Dehon, boa tarde!\nEsperamos que esteja bem!\n\nA sua solicita√ß√£o foi atendida!\nGostar√≠amos de agradecer por nos procurar e saiba que estaremos sempre dispostos a te ajudar!\n\nAnalisamos o seu pedido, o valor foi creditado em sua conta:\n21/03 RESSARCIMENTO COMERCIAL xx\n21/03 RESSARCIMENTO COMERCIAL xx\n21/03 RESSARCIMENTO COMERCIAL xx\n\nEsperamos que voc√™ fique feliz com a solu√ß√£o e continue contando com os nossos servi√ßos.\n\nValorizamos muito a sua confian√ßa em n√≥s e queremos assegurar que estamos aqui para te apoiar sempre.\n\nCom muita aten√ß√£o e considera√ß√£o,\nEquipe Ita√∫ Unibanco - Feito de Futuro', 'Considera√ß√£o final do consumidor\n21/03/2025 √†s 16:32\nAbri a conta, para quem saber poder usar os benef√≠cios do banco. Assim que utilizei o app j√° tinha tarifa.']",0,False
212747375,Registro no SCR,S√£o Marcos - RS,"time.struct_time(tm_year=2025, tm_mon=3, tm_mday=21, tm_hour=11, tm_min=50, tm_sec=0, tm_wday=4, tm_yday=80, tm_isdst=-1)","Era correntista do banco e tive negativa√ß√£o devido h√° uma divida no cartao de cr√©dito. Renegociei a d√≠vida e j√° paguei duas das seis parcelas acordadas, e ainda consta meu nome no Registrato e diariamente o banco me envia emails de cobran√ßa alegando que a parcela do m√™s esta atrasada, e que no site queroquitar me envia emails dizendo que se eu n√£o efetuar o acordo meu nome ser√° inclu√≠do no SPC.
J√° liguei na central do banco e alegam que era para desconsiderar as cobran√ßas, que iriam parar de enviar cobran√ßa indevida mas continuo com restri√ß√µes impedindo novas transa√ß√µes financeiras no meu banco atual.","['Resposta da empresa\n21/03/2025 √†s 12:15\nOl√° Marlon\n\nEm aten√ß√£o ao protocolo N¬∫ 1023xxxxxx63\nIdentificamos que o seu questionamento se refere ao registro de preju√≠zo no relat√≥rio SCR. \nEsclarecemos que voc√™ sempre visualizar√° as informa√ß√µes no cadastro SCR, a vencer, vencidas e at√© mesmo as liquidadas, pois fazem parte do seu hist√≥rico financeiro e s√£o informa√ß√µes que n√£o se apagam.\nAdicionalmente, informamos que o Sistema de Informa√ß√µes de Cr√©dito do Banco Central do Brasil (SCR), mais conhecido como Risco BACEN, √© um sistema de registro p√∫blico de informa√ß√µes de cr√©dito. Todas as institui√ß√µes financeiras s√£o obrigadas, por lei, a fornecer informa√ß√µes das opera√ß√µes financeiras realizadas por seus clientes, de acordo com crit√©rios estabelecidos pelo Banco Central.\nO Registrato, ao contr√°rio de SCPC e Serasa, n√£o √© um cadastro restritivo, h√° tanto opera√ß√µes em dia quanto em atraso. Ter seu nome nele n√£o impede que obtenha cr√©dito no mercado. Cada institui√ß√£o financeira pode consultar esse banco de dados e o uso dessas informa√ß√µes fica a crit√©rio de cada uma delas. \nVoc√™ poder√° consultar os relat√≥rios dos √∫ltimos 60 meses e as empresas desde que autorizadas por voc√™ tem acesso somente aos √∫ltimos 24 meses. \nO que √© o preju√≠zo no SCR?\n O registro de preju√≠zo no registrato √© devido o contrato ter ficado em atraso e n√£o por ter feito renegocia√ß√£o com desconto.\nQuando parte de uma opera√ß√£o est√° vencida (atrasada), o Banco Central exige que a institui√ß√£o financeira reconhe√ßa uma pequena probabilidade de que toda a opera√ß√£o n√£o seja paga. Se o tempo vai passando e as parcelas atrasadas n√£o s√£o quitadas, a institui√ß√£o tem que reconhecer que essa probabilidade est√° aumentando. Ao fim de no m√≠nimo 6 meses e no m√°ximo 1 ano de atraso de alguma parte da opera√ß√£o, a institui√ß√£o tem que reconhecer todo o valor da opera√ß√£o como preju√≠zo. \nOpera√ß√µes com atraso demoram de 6 a 12 meses para serem reconhecidas como preju√≠zo. As institui√ß√µes financeiras devem informar opera√ß√µes em preju√≠zo por 4 anos. \nO processamento de dados do SCR n√£o √© feito em tempo real. A partir da data-base abril 2014, as institui√ß√µes financeiras t√™m at√© o 9¬∫ dia √∫til de cada m√™s para enviar as informa√ß√µes relativas ao final do m√™s anterior. Ap√≥s essa data, h√° ainda o prazo de processamento das informa√ß√µes pelo Banco Central. Por isso, √© aconselh√°vel que a consulta seja realizada a partir do dia 20.\n Exemplo: caso tenha efetuado a quita√ß√£o de contratos em 10/2022, as informa√ß√µes ser√£o encaminhadas ao Banco Central at√© o 9¬∫ dia √∫til de 11/2022 e a consulta desse relat√≥rio de outubro estar√° dispon√≠vel ap√≥s o processamento do Bacen. \n√â poss√≠vel ver que a d√≠vida foi paga quando voc√™ consultar o relat√≥rio no m√™s seguinte ao pagamento ap√≥s o processamento dos dados, por√©m nos relat√≥rios anteriores o hist√≥rico continuar√° aparecendo nas datas em que os contratos estavam em atraso.\nVerificamos junto aos √ìrg√£os de Prote√ß√£o ao Cr√©dito e n√£o identificamos restri√ß√£o em seu CPF junto ao Banco Ita√∫ Unibanco e conglomerado. \nVoc√™ poder√° obter mais informa√ß√µes sobre o Relat√≥rio SCR atrav√©s do link abaixo. \nhttps://www.bcb.gov.br/acessoinformacao/perguntasfrequentes-respostas/RelatorioSCR_faq\nAgradecemos seu contato e permanecemos √† disposi√ß√£o.\nBanco Ita√∫ \nFeito de Futuro', 'Considera√ß√£o final do consumidor\n21/03/2025 √†s 12:37\nComo disse j√° renegociei o contrato, estou pagando as parcelas e ainda aparece registro no meu nome. E o banco que eu trabalho est√° me impedindo de aumentar meu limite devido a esse registro. J√° deveriam ter tirado meu nome desta tabela j√° que o acordo foi feito a dois meses']",0,False
212743165,Super endividamento - Cr√©dito emergencial,Ribeir√£o Pires - SP,"time.struct_time(tm_year=2025, tm_mon=3, tm_mday=21, tm_hour=11, tm_min=17, tm_sec=0, tm_wday=4, tm_yday=80, tm_isdst=-1)","Prezados,

Gostaria de registrar minha situa√ß√£o e solicitar o aux√≠lio de uma renegocia√ß√£o justa e compat√≠vel com a minha realidade financeira. Durante a pandemia, tive um neg√≥cio que infelizmente precisou ser fechado. A d√≠vida acumulada no CNPJ, que foi contratada para pagar os funcion√°rios na √©poca, acabou refletindo diretamente no meu CPF.

Atualmente, estou superendividado e n√£o tenho condi√ß√µes de arcar com os valores cobrados, o que tem gerado uma grande press√£o financeira e afetado minha qualidade de vida. Recebo liga√ß√µes di√°rias de empresas terceirizadas cobrando as d√≠vidas, mas n√£o consigo chegar a um acordo que seja vi√°vel para mim.

Gostaria de um apoio para encontrar uma solu√ß√£o amig√°vel e uma renegocia√ß√£o das d√≠vidas, para que eu consiga regularizar a minha situa√ß√£o sem comprometer ainda mais meu bem-estar financeiro. Solicito a possibilidade de rever os termos de pagamento e ajustar os valores de acordo com minha capacidade de pagamento atual.

Aguardo retorno para poder resolver esta situa√ß√£o de maneira justa e equilibrada.

Atenciosamente,","['Resposta da empresa\n22/03/2025 √†s 08:24\nOl√°, Bruno, bom dia!\n\nEsperamos que esteja bem.\n\nSegue simula√ß√£o para pagamento √† vista com desconto xxxx.\n\nLembramos que trata-se de uma simula√ß√£o com validade at√© a data de hoje, sendo que os valores s√£o atualizados diariamente.\n\nResumo da renegocia√ß√£o\n\nvalor a pagar : xxxxx\n\nvencimento : xxxxx\n\nforma de pagamento :xxx\n\nDetalhes desta renegocia√ß√£o\n\nvalor total das d√≠vidas negociadas xxxxx\n\nvalor renegociado xxxxx\n\ncliente economizou (R$) xxxxx\n\ncliente economizou (%) xxxxx\n\n(Devido sigilo banc√°rio, enviamos maiores informa√ß√µes em seu e-mail).\n\nCaso opte pela alternativa apresentada, pedimos que contate nosso atendimento especializado nos canais abaixo:\n\nüì≤ Capitais e regi√µes metropolitanas: 4004-1144\nüì≤ Demais localidades: 0800 726 1144\nWhatsApp (11) 4004-1144\nPelo Site: www.renegociefacil.itau.com.br/ 24 horas por dia;\nAcessando ao Ita√∫ na internet, app Ita√∫ no celular ou no computador, acessando: Menu > Mais Op√ß√µes > Renegocia√ß√£o, 24 horas por dia\n\nInformamos que momento, n√£o dispomos de proposta em melhores condi√ß√µes que as atuais.\n\nRessaltamos que antes da celebra√ß√£o de qualquer contrato, s√£o informados previamente todos os dados pertinentes √† opera√ß√£o, tais como: taxa de juros, valor da parcela, data de vencimento e demais taxas envolvidas na opera√ß√£o, de forma clara e suficiente para a sua decis√£o, sendo que a contrata√ß√£o s√≥ ocorre quando ambas as partes aprovam a opera√ß√£o.\n\nEm tempo informamos que as taxas de juros aplicadas est√£o em conformidade com a Legisla√ß√£o vigente, e de acordo com as taxas praticadas pelo mercado financeiro. Portando, n√£o h√° irregularidades nos valores em aberto.\n\nImportante esclarecer que n√£o existe qualquer dispositivo na legisla√ß√£o consumerista, bem como na legisla√ß√£o civil vigente, que estabele√ßa que o credor deva parcelar ou quitar o d√©bito no valor e condi√ß√µes exig√≠vel pelo consumidor. No entanto, estamos sempre dispon√≠veis para analisar propostas de pagamento de saldo devedor, prazos e condi√ß√µes alternativos √†queles estabelecidos por contrato.\n\nAgradecemos seu contato e permanecemos √† disposi√ß√£o.\n\nAtenciosamente,\nAtendimento Banco Ita√∫ Unibanco', 'Considera√ß√£o final do consumidor\n22/03/2025 √†s 09:38\nAtendimento r√°pido e eficaz com uma solu√ß√£o excelente para a resolu√ß√£o do problema.']",10,True
212739093,Abertura de conta sem autoriza√ß√£o,Primavera do Leste - MT,"time.struct_time(tm_year=2025, tm_mon=3, tm_mday=21, tm_hour=10, tm_min=43, tm_sec=0, tm_wday=4, tm_yday=80, tm_isdst=-1)","Fui na ag√™ncia ontem 20/03/25 com minha m√£e fazer a prova de vida dela porque recebe o Ben√≠cio BPC, peguei a senha ***** q referente a idade dela, a√≠ fomos direcionadas pro atendimento ger√™ncia, achei estranho perguntei pra atendente q emitiu a senha o porque de ger√™ncia e n√£o caixa? Porque sempre foi caixa, disse h√° duas semanas houve essa mudan√ßa no atendimento, at√© a√≠ tudo bem, a√≠ ficamos 2 HS esperando atendimento e nada, fui reclamar a√≠ a atendente da ger√™ncia disse q iria nos atender, a√≠ ela come√ßou o procedimento, e disse que o cart√£o dela tinha q ser trocado porque estava bloqueado, perguntei o porque n√£o quis responder, disse que era procedimento normal, ficamos uns 40 min com essa atendente pra fazer uma simples prova de vida, tudo q eu perguntava ela se esquivava, a√≠ pra minha surpresa hj de manh√£ recebi um SMS me informando q foi aberto uma conta pra minha m√£e, em momento algum solicitamos abertura de conta, e em nenhum momento ela nos informou que estava abrindo uma conta, desrespeito com as pessoas de idade tanto na espera pelo atendimento quanto pelo uso da [Editado pelo Reclame Aqui] em empurrar um servi√ßo q n√£o foi solicitado, quero o cancelamento da conta e vamos procurar nossos direitos, isso √© um abuso com as pessoas mais vulner√°veis e de pouco conhecimento, exijo o cancelamento da conta imediatamente.
O ocorrido foi na ag√™ncia do Ita√∫ de Primavera do Leste - MT","['Resposta da empresa\n21/03/2025 √†s 11:45\nOl√°, Rosilda.\n\nCompreendo o seu relato e ressaltamos que esse registro n√£o foi aberto com a valida√ß√£o dos dados e ci√™ncia do titular, caracterizando est√° reclama√ß√£o como de terceiros.\n\nPor experi√™ncia, verificamos que muitas vezes a pessoa abre a manifesta√ß√£o com o objetivo de ajudar um familiar ou um amigo pr√≥ximo. Mas para garantir a seguran√ßa do cliente e o sigilo banc√°rio (Lei Complementar n¬∫ 105/2001), n√£o ser√° poss√≠vel prosseguirmos com a an√°lise. Sendo necess√°rio que o cliente entre em contato com nosso atendimento, por meio dos nossos canais de atendimento.\n\nAtenciosamente,\nAtendimento Banco Ita√∫ Unibanco', 'Considera√ß√£o final do consumidor\n21/03/2025 √†s 13:11\nAtendimento demorado, ocultam informa√ß√µes dos clientes, p√©ssimo atendimento.']",0,False
